id,address,student_count,school_type
4,"충청북도 충주시",239,H
5,"충청북도 충주시",160,M
6,"충청북도 충주시",200,H
7,"충청북도 충주시",114,H
8,"충청북도 충주시",139,M
9,"충청북도 충주시",3,H
10,"충청북도 충주시",159,M
11,"충청북도 충주시",17,M
12,"충청북도 충주시",154,M
13,"충청북도 충주시",80,H
14,"충청북도 충주시",153,M
15,"충청북도 충주시",20,M
16,"충청북도 충주시",143,H
17,"충청북도 충주시",155,M
18,"충청북도 충주시",210,H
19,"충청북도 충주시",3,M
20,"충청북도 충주시",68,H
21,"충청북도 충주시",0,M
22,"충청북도 충주시",5,M
23,"충청북도 충주시",7,M
24,"충청북도 충주시",252,H
25,"충청북도 충주시",1,H
26,"충청북도 충주시",0,H
27,"충청북도 충주시",265,H
28,"충청북도 충주시",222,H
29,"충청북도 충주시",38,M
30,"충청북도 충주시",20,M
31,"충청북도 충주시",32,M
32,"충청북도 충주시",125,M
33,"충청북도 충주시",62,M
34,"충청북도 충주시",1,M
35,"충청북도 충주시",0,H
36,"충청북도 충주시",13,M
37,"충청북도 청주시 흥덕구",88,M
38,"충청북도 청주시 흥덕구",163,M
39,"충청북도 청주시 흥덕구",192,M
40,"충청북도 청주시 흥덕구",176,H
41,"충청북도 청주시 흥덕구",145,H
42,"충청북도 청주시 흥덕구",94,M
43,"충청북도 청주시 흥덕구",123,M
44,"충청북도 청주시 흥덕구",193,H
45,"충청북도 청주시 흥덕구",183,H
46,"충청북도 청주시 흥덕구",72,H
47,"충청북도 청주시 흥덕구",75,M
48,"충청북도 청주시 흥덕구",162,H
49,"충청북도 청주시 흥덕구",233,M
50,"충청북도 청주시 흥덕구",189,M
51,"충청북도 청주시 흥덕구",89,M
52,"충청북도 청주시 흥덕구",81,H
53,"충청북도 청주시 흥덕구",0,H
54,"충청북도 청주시 흥덕구",75,H
55,"충청북도 청주시 흥덕구",97,H
56,"충청북도 청주시 흥덕구",158,M
57,"충청북도 청주시 흥덕구",160,M
58,"충청북도 청주시 흥덕구",128,H
59,"충청북도 청주시 흥덕구",136,M
60,"충청북도 청주시 흥덕구",178,M
61,"충청북도 청주시 흥덕구",186,H
62,"충청북도 청주시 흥덕구",213,M
63,"충청북도 청주시 청원구",133,M
64,"충청북도 청주시 청원구",158,H
65,"충청북도 청주시 청원구",114,H
66,"충청북도 청주시 청원구",158,M
67,"충청북도 청주시 청원구",107,H
68,"충청북도 청주시 청원구",202,M
69,"충청북도 청주시 청원구",143,M
70,"충청북도 청주시 청원구",140,M
71,"충청북도 청주시 청원구",309,M
72,"충청북도 청주시 청원구",238,M
73,"충청북도 청주시 청원구",389,H
74,"충청북도 청주시 청원구",190,H
75,"충청북도 청주시 청원구",159,H
76,"충청북도 청주시 청원구",366,H
77,"충청북도 청주시 청원구",145,M
78,"충청북도 청주시 청원구",184,H
79,"충청북도 청주시 청원구",174,M
80,"충청북도 청주시 서원구",2,M
81,"충청북도 청주시 서원구",155,H
82,"충청북도 청주시 서원구",7,M
83,"충청북도 청주시 서원구",163,M
84,"충청북도 청주시 서원구",75,H
85,"충청북도 청주시 서원구",174,H
86,"충청북도 청주시 서원구",104,M
87,"충청북도 청주시 서원구",126,M
88,"충청북도 청주시 서원구",177,M
89,"충청북도 청주시 서원구",132,M
90,"충청북도 청주시 서원구",158,H
91,"충청북도 청주시 서원구",186,H
92,"충청북도 청주시 서원구",90,M
93,"충청북도 청주시 서원구",37,M
94,"충청북도 청주시 서원구",109,H
95,"충청북도 청주시 서원구",105,H
96,"충청북도 청주시 서원구",0,H
97,"충청북도 청주시 서원구",78,M
98,"충청북도 청주시 서원구",121,H
99,"충청북도 청주시 서원구",60,H
100,"충청북도 청주시 서원구",204,M
101,"충청북도 청주시 상당구",237,H
102,"충청북도 청주시 상당구",186,H
103,"충청북도 청주시 상당구",164,M
104,"충청북도 청주시 상당구",155,M
105,"충청북도 청주시 상당구",0,H
106,"충청북도 청주시 상당구",188,H
107,"충청북도 청주시 상당구",37,H
108,"충청북도 청주시 상당구",196,M
109,"충청북도 청주시 상당구",210,M
110,"충청북도 청주시 상당구",191,M
111,"충청북도 청주시 상당구",128,M
112,"충청북도 청주시 상당구",144,M
113,"충청북도 청주시 상당구",162,H
114,"충청북도 청주시 상당구",0,H
115,"충청북도 청주시 상당구",143,M
116,"충청북도 청주시 상당구",88,M
117,"충청북도 청주시 상당구",15,H
118,"충청북도 청주시 상당구",2,M
119,"충청북도 청주시 상당구",6,M
120,"충청북도 청주시 상당구",126,H
121,"충청북도 청주시 상당구",111,M
122,"충청북도 청주시 상당구",1,H
123,"충청북도 청주시 상당구",124,H
124,"충청북도 청주시 상당구",2,M
125,"충청북도 청주시 상당구",87,H
126,"충청북도 진천군",89,M
127,"충청북도 진천군",112,H
128,"충청북도 진천군",162,H
129,"충청북도 진천군",177,M
130,"충청북도 진천군",125,H
131,"충청북도 진천군",17,M
132,"충청북도 진천군",100,H
133,"충청북도 진천군",7,H
134,"충청북도 진천군",5,M
135,"충청북도 진천군",8,M
136,"충청북도 진천군",210,H
137,"충청북도 진천군",270,M
138,"충청북도 진천군",154,M
139,"충청북도 진천군",189,H
140,"충청북도 증평군",26,H
141,"충청북도 증평군",105,M
142,"충청북도 증평군",70,M
143,"충청북도 증평군",109,H
144,"충청북도 증평군",7,H
145,"충청북도 증평군",142,M
146,"충청북도 제천시",0,M
147,"충청북도 제천시",293,M
148,"충청북도 제천시",101,H
149,"충청북도 제천시",0,M
150,"충청북도 제천시",94,M
151,"충청북도 제천시",171,M
152,"충청북도 제천시",0,H
153,"충청북도 제천시",180,M
154,"충청북도 제천시",61,M
155,"충청북도 제천시",194,H
156,"충청북도 제천시",279,H
157,"충청북도 제천시",2,H
158,"충청북도 제천시",192,M
159,"충청북도 제천시",0,M
160,"충청북도 제천시",1,M
161,"충청북도 제천시",278,H
162,"충청북도 제천시",32,H
163,"충청북도 제천시",0,M
164,"충청북도 제천시",1,M
165,"충청북도 제천시",0,M
166,"충청북도 제천시",136,H
167,"충청북도 제천시",179,H
168,"충청북도 음성군",155,M
169,"충청북도 음성군",84,M
170,"충청북도 음성군",244,H
171,"충청북도 음성군",50,M
172,"충청북도 음성군",5,M
173,"충청북도 음성군",93,H
174,"충청북도 음성군",56,M
175,"충청북도 음성군",8,M
176,"충청북도 음성군",1,H
177,"충청북도 음성군",22,M
178,"충청북도 음성군",168,M
179,"충청북도 음성군",210,H
180,"충청북도 음성군",115,H
181,"충청북도 음성군",10,M
182,"충청북도 음성군",46,M
183,"충청북도 음성군",160,H
184,"충청북도 옥천군",17,H
185,"충청북도 옥천군",9,M
186,"충청북도 옥천군",7,M
187,"충청북도 옥천군",175,M
188,"충청북도 옥천군",108,H
189,"충청북도 옥천군",224,H
190,"충청북도 옥천군",83,M
191,"충청북도 옥천군",0,M
192,"충청북도 영동군",32,M
193,"충청북도 영동군",7,H
194,"충청북도 영동군",10,M
195,"충청북도 영동군",9,H
196,"충청북도 영동군",37,M
197,"충청북도 영동군",40,H
198,"충청북도 영동군",102,M
199,"충청북도 영동군",120,H
200,"충청북도 영동군",205,H
201,"충청북도 영동군",144,M
202,"충청북도 영동군",8,M
203,"충청북도 영동군",0,M
204,"충청북도 보은군",2,M
205,"충청북도 보은군",1,M
206,"충청북도 보은군",2,M
207,"충청북도 보은군",16,H
208,"충청북도 보은군",0,H
209,"충청북도 보은군",6,H
210,"충청북도 보은군",3,H
211,"충청북도 보은군",16,M
212,"충청북도 보은군",4,M
213,"충청북도 단양군",9,M
214,"충청북도 단양군",1,M
215,"충청북도 단양군",47,M
216,"충청북도 단양군",225,H
217,"충청북도 단양군",93,M
218,"충청북도 단양군",1,M
219,"충청북도 단양군",100,H
220,"충청북도 괴산군",0,M
221,"충청북도 괴산군",0,M
222,"충청북도 괴산군",0,M
223,"충청북도 괴산군",1,M
224,"충청북도 괴산군",2,M
225,"충청북도 괴산군",76,M
226,"충청북도 괴산군",150,H
227,"충청북도 괴산군",16,M
228,"충청북도 괴산군",56,M
229,"충청남도 홍성군",77,M
230,"충청남도 홍성군",215,H
231,"충청남도 홍성군",254,H
232,"충청남도 홍성군",71,M
233,"충청남도 홍성군",237,M
234,"충청남도 홍성군",341,H
235,"충청남도 홍성군",277,M
236,"충청남도 홍성군",0,H
237,"충청남도 홍성군",13,M
238,"충청남도 홍성군",4,M
239,"충청남도 홍성군",2,M
240,"충청남도 홍성군",106,H
241,"충청남도 홍성군",53,M
242,"충청남도 홍성군",109,H
243,"충청남도 홍성군",64,H
244,"충청남도 홍성군",86,M
245,"충청남도 홍성군",12,H
246,"충청남도 홍성군",91,H
247,"충청남도 홍성군",1,M
248,"충청남도 태안군",12,M
249,"충청남도 태안군",175,H
250,"충청남도 태안군",192,H
251,"충청남도 태안군",149,M
252,"충청남도 태안군",53,M
253,"충청남도 태안군",0,M
254,"충청남도 태안군",101,H
255,"충청남도 태안군",82,M
256,"충청남도 태안군",14,M
257,"충청남도 태안군",18,H
258,"충청남도 태안군",8,M
259,"충청남도 태안군",8,M
260,"충청남도 청양군",1,M
261,"충청남도 청양군",26,M
262,"충청남도 청양군",105,M
263,"충청남도 청양군",205,H
264,"충청남도 청양군",118,H
265,"충청남도 청양군",101,M
266,"충청남도 청양군",1,M
267,"충청남도 천안시 서북구",272,M
268,"충청남도 천안시 서북구",236,H
269,"충청남도 천안시 서북구",20,M
270,"충청남도 천안시 서북구",0,H
271,"충청남도 천안시 서북구",491,H
272,"충청남도 천안시 서북구",339,H
273,"충청남도 천안시 서북구",230,M
274,"충청남도 천안시 서북구",302,H
275,"충청남도 천안시 서북구",112,H
276,"충청남도 천안시 서북구",136,M
277,"충청남도 천안시 서북구",83,M
278,"충청남도 천안시 서북구",321,M
279,"충청남도 천안시 서북구",172,H
280,"충청남도 천안시 서북구",0,H
281,"충청남도 천안시 서북구",347,H
282,"충청남도 천안시 서북구",279,M
283,"충청남도 천안시 서북구",360,H
284,"충청남도 천안시 서북구",271,M
285,"충청남도 천안시 서북구",221,M
286,"충청남도 천안시 서북구",339,M
287,"충청남도 천안시 서북구",101,M
288,"충청남도 천안시 서북구",328,M
289,"충청남도 천안시 서북구",385,H
290,"충청남도 천안시 서북구",317,M
291,"충청남도 천안시 서북구",287,M
292,"충청남도 천안시 서북구",473,H
293,"충청남도 천안시 서북구",173,M
294,"충청남도 천안시 동남구",55,M
295,"충청남도 천안시 동남구",267,M
296,"충청남도 천안시 동남구",207,H
297,"충청남도 천안시 동남구",87,M
298,"충청남도 천안시 동남구",0,H
299,"충청남도 천안시 동남구",289,M
300,"충청남도 천안시 동남구",424,H
301,"충청남도 천안시 동남구",396,M
302,"충청남도 천안시 동남구",225,H
303,"충청남도 천안시 동남구",130,M
304,"충청남도 천안시 동남구",243,M
305,"충청남도 천안시 동남구",250,M
306,"충청남도 천안시 동남구",234,M
307,"충청남도 천안시 동남구",167,H
308,"충청남도 천안시 동남구",1,M
309,"충청남도 천안시 동남구",243,M
310,"충청남도 천안시 동남구",217,H
311,"충청남도 천안시 동남구",72,M
312,"충청남도 천안시 동남구",211,H
313,"충청남도 천안시 동남구",171,M
314,"충청남도 천안시 동남구",131,H
315,"충청남도 천안시 동남구",68,M
316,"충청남도 천안시 동남구",156,H
317,"충청남도 천안시 동남구",0,H
318,"충청남도 천안시 동남구",94,M
319,"충청남도 천안시 동남구",83,H
320,"충청남도 천안시 동남구",3,M
321,"충청남도 천안시 동남구",21,H
322,"충청남도 천안시 동남구",0,H
323,"충청남도 천안시 동남구",249,H
324,"충청남도 천안시 동남구",157,H
325,"충청남도 예산군",3,M
326,"충청남도 예산군",132,H
327,"충청남도 예산군",7,M
328,"충청남도 예산군",164,H
329,"충청남도 예산군",61,H
330,"충청남도 예산군",16,H
331,"충청남도 예산군",108,M
332,"충청남도 예산군",1,M
333,"충청남도 예산군",0,M
334,"충청남도 예산군",178,H
335,"충청남도 예산군",162,M
336,"충청남도 예산군",44,M
337,"충청남도 예산군",125,H
338,"충청남도 예산군",1,H
339,"충청남도 예산군",29,M
340,"충청남도 예산군",103,H
341,"충청남도 예산군",0,M
342,"충청남도 예산군",0,M
343,"충청남도 예산군",14,M
344,"충청남도 아산시",147,H
345,"충청남도 아산시",250,M
346,"충청남도 아산시",385,H
347,"충청남도 아산시",168,M
348,"충청남도 아산시",261,H
349,"충청남도 아산시",191,M
350,"충청남도 아산시",12,M
351,"충청남도 아산시",129,M
352,"충청남도 아산시",491,H
353,"충청남도 아산시",138,H
354,"충청남도 아산시",177,M
355,"충청남도 아산시",86,M
356,"충청남도 아산시",336,H
357,"충청남도 아산시",226,M
358,"충청남도 아산시",5,M
359,"충청남도 아산시",0,H
360,"충청남도 아산시",186,M
361,"충청남도 아산시",97,M
362,"충청남도 아산시",83,M
363,"충청남도 아산시",0,H
364,"충청남도 아산시",1,M
365,"충청남도 아산시",69,M
366,"충청남도 아산시",150,H
367,"충청남도 아산시",411,H
368,"충청남도 아산시",175,M
369,"충청남도 아산시",578,H
370,"충청남도 아산시",301,M
371,"충청남도 아산시",232,M
372,"충청남도 아산시",145,M
373,"충청남도 아산시",3,H
374,"충청남도 아산시",21,M
375,"충청남도 아산시",28,H
376,"충청남도 아산시",0,M
377,"충청남도 서천군",1,M
378,"충청남도 서천군",79,H
379,"충청남도 서천군",0,M
380,"충청남도 서천군",139,M
381,"충청남도 서천군",7,H
382,"충청남도 서천군",133,H
383,"충청남도 서천군",78,H
384,"충청남도 서천군",52,M
385,"충청남도 서천군",44,M
386,"충청남도 서천군",31,H
387,"충청남도 서천군",73,H
388,"충청남도 서천군",88,M
389,"충청남도 서천군",111,H
390,"충청남도 서천군",6,M
391,"충청남도 서천군",1,M
392,"충청남도 서천군",5,M
393,"충청남도 서산시",156,H
394,"충청남도 서산시",81,M
395,"충청남도 서산시",17,M
396,"충청남도 서산시",288,H
397,"충청남도 서산시",18,M
398,"충청남도 서산시",241,H
399,"충청남도 서산시",178,M
400,"충청남도 서산시",69,M
401,"충청남도 서산시",11,M
402,"충청남도 서산시",2,M
403,"충청남도 서산시",72,H
404,"충청남도 서산시",7,M
405,"충청남도 서산시",1,H
406,"충청남도 서산시",138,H
407,"충청남도 서산시",14,M
408,"충청남도 서산시",86,M
409,"충청남도 서산시",184,H
410,"충청남도 서산시",3,M
411,"충청남도 서산시",270,H
412,"충청남도 서산시",143,M
413,"충청남도 서산시",31,M
414,"충청남도 서산시",17,M
415,"충청남도 서산시",10,M
416,"충청남도 서산시",264,H
417,"충청남도 서산시",12,M
418,"충청남도 부여군",44,M
419,"충청남도 부여군",106,H
420,"충청남도 부여군",3,H
421,"충청남도 부여군",7,M
422,"충청남도 부여군",6,M
423,"충청남도 부여군",2,M
424,"충청남도 부여군",1,M
425,"충청남도 부여군",1,M
426,"충청남도 부여군",8,M
427,"충청남도 부여군",102,M
428,"충청남도 부여군",52,M
429,"충청남도 부여군",141,H
430,"충청남도 부여군",86,H
431,"충청남도 부여군",112,M
432,"충청남도 부여군",61,H
433,"충청남도 부여군",4,M
434,"충청남도 보령시",67,M
435,"충청남도 보령시",6,M
436,"충청남도 보령시",1,M
437,"충청남도 보령시",175,H
438,"충청남도 보령시",30,M
439,"충청남도 보령시",1,M
440,"충청남도 보령시",59,H
441,"충청남도 보령시",0,H
442,"충청남도 보령시",45,M
443,"충청남도 보령시",91,H
444,"충청남도 보령시",152,M
445,"충청남도 보령시",136,M
446,"충청남도 보령시",135,H
447,"충청남도 보령시",99,M
448,"충청남도 보령시",1,M
449,"충청남도 보령시",18,M
450,"충청남도 보령시",86,H
451,"충청남도 보령시",96,H
452,"충청남도 보령시",6,M
453,"충청남도 당진시",23,H
454,"충청남도 당진시",3,M
455,"충청남도 당진시",0,H
456,"충청남도 당진시",23,M
457,"충청남도 당진시",60,H
458,"충청남도 당진시",88,M
459,"충청남도 당진시",167,H
460,"충청남도 당진시",185,H
461,"충청남도 당진시",403,M
462,"충청남도 당진시",230,M
463,"충청남도 당진시",255,H
464,"충청남도 당진시",8,M
465,"충청남도 당진시",329,M
466,"충청남도 당진시",211,H
467,"충청남도 당진시",108,M
468,"충청남도 당진시",67,M
469,"충청남도 당진시",381,H
470,"충청남도 당진시",382,M
471,"충청남도 당진시",210,M
472,"충청남도 당진시",423,H
473,"충청남도 당진시",3,M
474,"충청남도 당진시",1,M
475,"충청남도 당진시",4,M
476,"충청남도 논산시",127,H
477,"충청남도 논산시",136,M
478,"충청남도 논산시",158,H
479,"충청남도 논산시",18,M
480,"충청남도 논산시",54,H
481,"충청남도 논산시",22,H
482,"충청남도 논산시",5,M
483,"충청남도 논산시",27,M
484,"충청남도 논산시",258,H
485,"충청남도 논산시",139,H
486,"충청남도 논산시",12,M
487,"충청남도 논산시",8,M
488,"충청남도 논산시",83,M
489,"충청남도 논산시",133,H
490,"충청남도 논산시",79,H
491,"충청남도 논산시",197,H
492,"충청남도 논산시",70,H
493,"충청남도 논산시",0,H
494,"충청남도 논산시",6,M
495,"충청남도 논산시",70,H
496,"충청남도 논산시",18,M
497,"충청남도 논산시",8,M
498,"충청남도 논산시",12,M
499,"충청남도 논산시",6,M
500,"충청남도 논산시",117,H
501,"충청남도 논산시",27,M
502,"충청남도 논산시",109,H
503,"충청남도 논산시",3,M
504,"충청남도 금산군",28,M
505,"충청남도 금산군",8,M
506,"충청남도 금산군",4,H
507,"충청남도 금산군",2,M
508,"충청남도 금산군",0,M
509,"충청남도 금산군",2,M
510,"충청남도 금산군",3,M
511,"충청남도 금산군",18,H
512,"충청남도 금산군",55,H
513,"충청남도 금산군",121,H
514,"충청남도 금산군",28,M
515,"충청남도 금산군",25,M
516,"충청남도 공주시",17,M
517,"충청남도 공주시",98,M
518,"충청남도 공주시",13,M
519,"충청남도 공주시",11,H
520,"충청남도 공주시",0,H
521,"충청남도 공주시",6,M
522,"충청남도 공주시",16,M
523,"충청남도 공주시",90,H
524,"충청남도 공주시",37,M
525,"충청남도 공주시",183,M
526,"충청남도 공주시",65,M
527,"충청남도 공주시",46,M
528,"충청남도 공주시",147,H
529,"충청남도 공주시",3,M
530,"충청남도 공주시",98,M
531,"충청남도 공주시",112,H
532,"충청남도 공주시",16,M
533,"충청남도 공주시",77,H
534,"충청남도 공주시",231,H
535,"충청남도 공주시",111,H
536,"충청남도 공주시",87,H
537,"충청남도 공주시",18,M
538,"충청남도 공주시",229,H
539,"충청남도 공주시",202,H
540,"충청남도 공주시",4,M
541,"충청남도 계룡시",40,M
542,"충청남도 계룡시",43,M
543,"충청남도 계룡시",240,H
544,"충청남도 계룡시",42,M
545,"충청남도 계룡시",250,H
546,"제주특별자치도 제주시",103,M
547,"제주특별자치도 제주시",52,H
548,"제주특별자치도 제주시",19,M
549,"제주특별자치도 제주시",297,H
550,"제주특별자치도 제주시",4,M
551,"제주특별자치도 제주시",1,M
552,"제주특별자치도 제주시",8,M
553,"제주특별자치도 제주시",60,H
554,"제주특별자치도 제주시",1,M
555,"제주특별자치도 제주시",1,M
556,"제주특별자치도 제주시",181,H
557,"제주특별자치도 제주시",190,M
558,"제주특별자치도 제주시",84,H
559,"제주특별자치도 제주시",69,M
560,"제주특별자치도 제주시",89,H
561,"제주특별자치도 제주시",98,M
562,"제주특별자치도 제주시",336,M
563,"제주특별자치도 제주시",14,M
564,"제주특별자치도 제주시",68,H
565,"제주특별자치도 제주시",9,M
566,"제주특별자치도 제주시",230,M
567,"제주특별자치도 제주시",155,H
568,"제주특별자치도 제주시",16,M
569,"제주특별자치도 제주시",25,M
570,"제주특별자치도 제주시",164,H
571,"제주특별자치도 제주시",47,M
572,"제주특별자치도 제주시",0,H
573,"제주특별자치도 제주시",100,H
574,"제주특별자치도 제주시",160,H
575,"제주특별자치도 제주시",164,M
576,"제주특별자치도 제주시",122,H
577,"제주특별자치도 제주시",125,M
578,"제주특별자치도 제주시",139,M
579,"제주특별자치도 제주시",161,M
580,"제주특별자치도 제주시",17,M
581,"제주특별자치도 제주시",6,H
582,"제주특별자치도 제주시",89,H
583,"제주특별자치도 제주시",103,M
584,"제주특별자치도 제주시",143,H
585,"제주특별자치도 제주시",259,H
586,"제주특별자치도 제주시",307,M
587,"제주특별자치도 제주시",26,M
588,"제주특별자치도 제주시",48,M
589,"제주특별자치도 제주시",155,H
590,"제주특별자치도 제주시",26,M
591,"제주특별자치도 제주시",154,M
592,"제주특별자치도 제주시",163,H
593,"제주특별자치도 제주시",227,H
594,"제주특별자치도 제주시",194,M
595,"제주특별자치도 제주시",1,H
596,"제주특별자치도 제주시",173,M
597,"제주특별자치도 제주시",256,H
598,"제주특별자치도 서귀포시",20,M
599,"제주특별자치도 서귀포시",92,M
600,"제주특별자치도 서귀포시",140,H
601,"제주특별자치도 서귀포시",86,H
602,"제주특별자치도 서귀포시",6,M
603,"제주특별자치도 서귀포시",15,M
604,"제주특별자치도 서귀포시",15,H
605,"제주특별자치도 서귀포시",14,M
606,"제주특별자치도 서귀포시",46,H
607,"제주특별자치도 서귀포시",17,M
608,"제주특별자치도 서귀포시",2,M
609,"제주특별자치도 서귀포시",14,M
610,"제주특별자치도 서귀포시",54,H
611,"제주특별자치도 서귀포시",2,M
612,"제주특별자치도 서귀포시",29,M
613,"제주특별자치도 서귀포시",2,M
614,"제주특별자치도 서귀포시",72,H
615,"제주특별자치도 서귀포시",26,H
616,"제주특별자치도 서귀포시",0,M
617,"제주특별자치도 서귀포시",76,M
618,"제주특별자치도 서귀포시",49,H
619,"제주특별자치도 서귀포시",1,M
620,"제주특별자치도 서귀포시",16,M
621,"제주특별자치도 서귀포시",45,H
622,"제주특별자치도 서귀포시",15,H
623,"제주특별자치도 서귀포시",0,H
624,"전북 정읍시",0,M
625,"전북 정읍시",102,H
626,"전라북도 진안군",67,H
627,"전라북도 진안군",62,M
628,"전라북도 진안군",20,H
629,"전라북도 진안군",45,M
630,"전라북도 진안군",39,H
631,"전라북도 진안군",0,M
632,"전라북도 진안군",2,M
633,"전라북도 진안군",0,M
634,"전라북도 진안군",4,H
635,"전라북도 진안군",1,M
636,"전라북도 진안군",30,M
637,"전라북도 진안군",0,M
638,"전라북도 진안군",5,M
639,"전라북도 진안군",54,H
640,"전라북도 진안군",4,M
641,"전라북도 정읍시",115,H
642,"전라북도 정읍시",108,M
643,"전라북도 정읍시",15,M
644,"전라북도 정읍시",1,M
645,"전라북도 정읍시",8,H
646,"전라북도 정읍시",1,M
647,"전라북도 정읍시",2,H
648,"전라북도 정읍시",154,H
649,"전라북도 정읍시",111,M
650,"전라북도 정읍시",16,H
651,"전라북도 정읍시",57,M
652,"전라북도 정읍시",166,H
653,"전라북도 정읍시",58,H
654,"전라북도 정읍시",104,M
655,"전라북도 정읍시",136,M
656,"전라북도 정읍시",61,H
657,"전라북도 정읍시",0,H
658,"전라북도 정읍시",1,M
659,"전라북도 정읍시",0,M
660,"전라북도 정읍시",14,M
661,"전라북도 정읍시",7,M
662,"전라북도 정읍시",6,H
663,"전라북도 정읍시",12,H
664,"전라북도 정읍시",3,M
665,"전라북도 정읍시",32,H
666,"전라북도 정읍시",3,M
667,"전라북도 정읍시",1,M
668,"전라북도 정읍시",119,M
669,"전라북도 정읍시",33,H
670,"전라북도 정읍시",0,M
671,"전라북도 정읍시",1,M
672,"전라북도 전주시 완산구",5,H
673,"전라북도 전주시 완산구",1,H
674,"전라북도 전주시 완산구",206,M
675,"전라북도 전주시 완산구",178,H
676,"전라북도 전주시 완산구",308,H
677,"전라북도 전주시 완산구",1,H
678,"전라북도 전주시 완산구",133,H
679,"전라북도 전주시 완산구",97,M
680,"전라북도 전주시 완산구",258,H
681,"전라북도 전주시 완산구",235,M
682,"전라북도 전주시 완산구",164,H
683,"전라북도 전주시 완산구",219,M
684,"전라북도 전주시 완산구",94,M
685,"전라북도 전주시 완산구",238,H
686,"전라북도 전주시 완산구",192,M
687,"전라북도 전주시 완산구",66,M
688,"전라북도 전주시 완산구",98,M
689,"전라북도 전주시 완산구",157,M
690,"전라북도 전주시 완산구",174,M
691,"전라북도 전주시 완산구",213,H
692,"전라북도 전주시 완산구",334,H
693,"전라북도 전주시 완산구",228,H
694,"전라북도 전주시 완산구",167,M
695,"전라북도 전주시 완산구",144,M
696,"전라북도 전주시 완산구",298,H
697,"전라북도 전주시 완산구",21,M
698,"전라북도 전주시 완산구",119,H
699,"전라북도 전주시 완산구",18,M
700,"전라북도 전주시 완산구",114,M
701,"전라북도 전주시 완산구",87,H
702,"전라북도 전주시 완산구",189,M
703,"전라북도 전주시 완산구",205,H
704,"전라북도 전주시 완산구",271,H
705,"전라북도 전주시 완산구",343,H
706,"전라북도 전주시 완산구",147,H
707,"전라북도 전주시 완산구",186,M
708,"전라북도 전주시 완산구",129,M
709,"전라북도 전주시 완산구",257,H
710,"전라북도 전주시 완산구",73,M
711,"전라북도 전주시 완산구",189,M
712,"전라북도 전주시 완산구",153,M
713,"전라북도 전주시 완산구",306,H
714,"전라북도 전주시 덕진구",137,M
715,"전라북도 전주시 덕진구",82,M
716,"전라북도 전주시 덕진구",274,M
717,"전라북도 전주시 덕진구",360,H
718,"전라북도 전주시 덕진구",260,M
719,"전라북도 전주시 덕진구",179,H
720,"전라북도 전주시 덕진구",213,M
721,"전라북도 전주시 덕진구",227,M
722,"전라북도 전주시 덕진구",108,M
723,"전라북도 전주시 덕진구",269,H
724,"전라북도 전주시 덕진구",236,H
725,"전라북도 전주시 덕진구",290,H
726,"전라북도 전주시 덕진구",183,H
727,"전라북도 전주시 덕진구",239,M
728,"전라북도 전주시 덕진구",0,H
729,"전라북도 전주시 덕진구",389,H
730,"전라북도 전주시 덕진구",168,M
731,"전라북도 전주시 덕진구",231,H
732,"전라북도 전주시 덕진구",264,M
733,"전라북도 전주시 덕진구",207,M
734,"전라북도 전주시 덕진구",297,M
735,"전라북도 전주시 덕진구",340,H
736,"전라북도 전주시 덕진구",292,H
737,"전라북도 전주시 덕진구",161,M
738,"전라북도 전주시 덕진구",236,M
739,"전라북도 전주시 덕진구",78,M
740,"전라북도 전주시 덕진구",0,H
741,"전라북도 전주시 덕진구",240,H
742,"전라북도 전주시 덕진구",141,M
743,"전라북도 전주시 덕진구",13,M
744,"전라북도 전주시 덕진구",56,M
745,"전라북도 전주시 덕진구",151,M
746,"전라북도 전주시 덕진구",148,M
747,"전라북도 장수군",1,M
748,"전라북도 장수군",110,M
749,"전라북도 장수군",81,H
750,"전라북도 장수군",22,M
751,"전라북도 장수군",59,H
752,"전라북도 장수군",26,H
753,"전라북도 장수군",7,H
754,"전라북도 장수군",3,M
755,"전라북도 장수군",4,H
756,"전라북도 장수군",1,M
757,"전라북도 장수군",0,M
758,"전라북도 장수군",4,M
759,"전라북도 임실군",2,M
760,"전라북도 임실군",0,M
761,"전라북도 임실군",144,H
762,"전라북도 임실군",96,M
763,"전라북도 임실군",1,M
764,"전라북도 임실군",2,H
765,"전라북도 임실군",1,M
766,"전라북도 임실군",2,M
767,"전라북도 임실군",0,M
768,"전라북도 임실군",6,M
769,"전라북도 임실군",8,M
770,"전라북도 임실군",83,H
771,"전라북도 익산시",123,H
772,"전라북도 익산시",3,M
773,"전라북도 익산시",3,M
774,"전라북도 익산시",42,H
775,"전라북도 익산시",4,M
776,"전라북도 익산시",27,M
777,"전라북도 익산시",1,H
778,"전라북도 익산시",14,M
779,"전라북도 익산시",192,M
780,"전라북도 익산시",221,H
781,"전라북도 익산시",346,M
782,"전라북도 익산시",237,M
783,"전라북도 익산시",225,M
784,"전라북도 익산시",252,H
785,"전라북도 익산시",219,H
786,"전라북도 익산시",113,H
787,"전라북도 익산시",261,H
788,"전라북도 익산시",143,M
789,"전라북도 익산시",116,H
790,"전라북도 익산시",1,M
791,"전라북도 익산시",0,M
792,"전라북도 익산시",0,M
793,"전라북도 익산시",3,H
794,"전라북도 익산시",0,M
795,"전라북도 익산시",1,M
796,"전라북도 익산시",309,M
797,"전라북도 익산시",144,H
798,"전라북도 익산시",227,H
799,"전라북도 익산시",235,M
800,"전라북도 익산시",0,H
801,"전라북도 익산시",12,M
802,"전라북도 익산시",227,M
803,"전라북도 익산시",90,M
804,"전라북도 익산시",128,H
805,"전라북도 익산시",94,M
806,"전라북도 익산시",230,H
807,"전라북도 익산시",127,H
808,"전라북도 익산시",241,M
809,"전라북도 익산시",108,M
810,"전라북도 익산시",96,H
811,"전라북도 익산시",240,M
812,"전라북도 익산시",0,H
813,"전라북도 익산시",88,H
814,"전라북도 익산시",154,H
815,"전라북도 익산시",71,M
816,"전라북도 익산시",176,M
817,"전라북도 완주군",88,M
818,"전라북도 완주군",61,H
819,"전라북도 완주군",75,M
820,"전라북도 완주군",0,M
821,"전라북도 완주군",7,H
822,"전라북도 완주군",22,M
823,"전라북도 완주군",44,M
824,"전라북도 완주군",109,H
825,"전라북도 완주군",4,M
826,"전라북도 완주군",58,M
827,"전라북도 완주군",184,H
828,"전라북도 완주군",123,M
829,"전라북도 완주군",42,H
830,"전라북도 완주군",222,H
831,"전라북도 완주군",153,M
832,"전라북도 완주군",219,M
833,"전라북도 완주군",30,M
834,"전라북도 완주군",95,H
835,"전라북도 완주군",24,M
836,"전라북도 완주군",36,M
837,"전라북도 완주군",1,H
838,"전라북도 완주군",82,H
839,"전라북도 순창군",1,M
840,"전라북도 순창군",127,M
841,"전라북도 순창군",165,H
842,"전라북도 순창군",18,M
843,"전라북도 순창군",13,M
844,"전라북도 순창군",189,H
845,"전라북도 순창군",19,M
846,"전라북도 순창군",1,M
847,"전라북도 순창군",3,H
848,"전라북도 순창군",0,M
849,"전라북도 부안군",6,H
850,"전라북도 부안군",10,M
851,"전라북도 부안군",1,M
852,"전라북도 부안군",3,H
853,"전라북도 부안군",5,M
854,"전라북도 부안군",0,M
855,"전라북도 부안군",1,M
856,"전라북도 부안군",1,H
857,"전라북도 부안군",5,M
858,"전라북도 부안군",124,H
859,"전라북도 부안군",91,M
860,"전라북도 부안군",85,H
861,"전라북도 부안군",62,M
862,"전라북도 부안군",113,H
863,"전라북도 부안군",148,M
864,"전라북도 부안군",2,M
865,"전라북도 부안군",14,M
866,"전라북도 부안군",128,H
867,"전라북도 부안군",67,M
868,"전라북도 부안군",2,M
869,"전라북도 무주군",0,M
870,"전라북도 무주군",26,H
871,"전라북도 무주군",53,M
872,"전라북도 무주군",88,H
873,"전라북도 무주군",23,M
874,"전라북도 무주군",11,H
875,"전라북도 무주군",0,M
876,"전라북도 무주군",1,M
877,"전라북도 무주군",0,H
878,"전라북도 무주군",200,H
879,"전라북도 무주군",104,M
880,"전라북도 남원시",186,M
881,"전라북도 남원시",6,M
882,"전라북도 남원시",3,H
883,"전라북도 남원시",0,H
884,"전라북도 남원시",68,H
885,"전라북도 남원시",4,M
886,"전라북도 남원시",196,H
887,"전라북도 남원시",184,M
888,"전라북도 남원시",1,M
889,"전라북도 남원시",0,M
890,"전라북도 남원시",8,M
891,"전라북도 남원시",1,M
892,"전라북도 남원시",72,M
893,"전라북도 남원시",0,M
894,"전라북도 남원시",85,H
895,"전라북도 남원시",183,M
896,"전라북도 남원시",155,M
897,"전라북도 남원시",104,H
898,"전라북도 남원시",0,M
899,"전라북도 남원시",65,H
900,"전라북도 남원시",87,H
901,"전라북도 남원시",129,H
902,"전라북도 남원시",0,M
903,"전라북도 남원시",202,H
904,"전라북도 김제시",94,M
905,"전라북도 김제시",265,H
906,"전라북도 김제시",215,H
907,"전라북도 김제시",0,M
908,"전라북도 김제시",74,M
909,"전라북도 김제시",129,H
910,"전라북도 김제시",148,M
911,"전라북도 김제시",11,H
912,"전라북도 김제시",8,M
913,"전라북도 김제시",64,M
914,"전라북도 김제시",40,H
915,"전라북도 김제시",4,M
916,"전라북도 김제시",2,M
917,"전라북도 김제시",2,H
918,"전라북도 김제시",7,H
919,"전라북도 김제시",1,M
920,"전라북도 김제시",84,M
921,"전라북도 김제시",145,H
922,"전라북도 김제시",79,H
923,"전라북도 김제시",171,M
924,"전라북도 김제시",63,M
925,"전라북도 김제시",6,H
926,"전라북도 김제시",6,M
927,"전라북도 군산시",98,M
928,"전라북도 군산시",195,M
929,"전라북도 군산시",186,H
930,"전라북도 군산시",144,H
931,"전라북도 군산시",283,M
932,"전라북도 군산시",351,H
933,"전라북도 군산시",279,M
934,"전라북도 군산시",5,M
935,"전라북도 군산시",298,M
936,"전라북도 군산시",454,H
937,"전라북도 군산시",3,M
938,"전라북도 군산시",16,M
939,"전라북도 군산시",164,H
940,"전라북도 군산시",177,H
941,"전라북도 군산시",247,M
942,"전라북도 군산시",161,M
943,"전라북도 군산시",152,H
944,"전라북도 군산시",8,M
945,"전라북도 군산시",0,H
946,"전라북도 군산시",163,M
947,"전라북도 군산시",277,H
948,"전라북도 군산시",206,M
949,"전라북도 군산시",318,M
950,"전라북도 군산시",65,H
951,"전라북도 군산시",65,M
952,"전라북도 군산시",115,H
953,"전라북도 군산시",5,M
954,"전라북도 군산시",77,H
955,"전라북도 군산시",227,M
956,"전라북도 군산시",198,M
957,"전라북도 군산시",236,M
958,"전라북도 군산시",143,H
959,"전라북도 고창군",2,M
960,"전라북도 고창군",168,H
961,"전라북도 고창군",1,H
962,"전라북도 고창군",2,M
963,"전라북도 고창군",0,M
964,"전라북도 고창군",4,M
965,"전라북도 고창군",0,M
966,"전라북도 고창군",1,M
967,"전라북도 고창군",0,M
968,"전라북도 고창군",5,M
969,"전라북도 고창군",13,M
970,"전라북도 고창군",90,H
971,"전라북도 고창군",88,M
972,"전라북도 고창군",0,M
973,"전라북도 고창군",3,M
974,"전라북도 고창군",228,H
975,"전라북도 고창군",10,M
976,"전라북도 고창군",16,M
977,"전라북도 고창군",64,H
978,"전라북도 고창군",21,H
979,"전라남도 화순군",197,M
980,"전라남도 화순군",163,M
981,"전라남도 화순군",354,H
982,"전라남도 화순군",166,H
983,"전라남도 화순군",3,M
984,"전라남도 화순군",56,H
985,"전라남도 화순군",1,M
986,"전라남도 화순군",1,M
987,"전라남도 화순군",2,M
988,"전라남도 화순군",1,M
989,"전라남도 화순군",0,M
990,"전라남도 화순군",11,M
991,"전라남도 화순군",70,M
992,"전라남도 화순군",268,H
993,"전라남도 해남군",15,M
994,"전라남도 해남군",90,H
995,"전라남도 해남군",3,M
996,"전라남도 해남군",2,M
997,"전라남도 해남군",0,M
998,"전라남도 해남군",189,M
999,"전라남도 해남군",257,H
1000,"전라남도 해남군",203,M
1001,"전라남도 해남군",160,H
1002,"전라남도 해남군",54,H
1003,"전라남도 해남군",6,M
